{"cameraMode":{"drawMode":0,"name":"Shaded","section":"Shading Mode"},"sceneLighting":false,"audioPlay":false,"sceneViewState":{"m_AlwaysRefresh":false,"showFog":true,"showSkybox":false,"showFlares":true,"showImageEffects":true,"showParticleSystems":true,"showVisualEffectGraphs":true,"m_FxEnabled":false},"in2DMode":false,"pivot":{"x":0.8275719285011292,"y":0.19928136467933656,"z":0.12415030598640442},"rotation":{"x":-0.08003387600183487,"y":-0.8700187802314758,"z":0.15051889419555665,"w":-0.4626162648200989},"size":2.2223551273345949,"orthographic":false}